question,answer
What is progressive overload and why does it matter?,Progressive overload means gradually increasing the demand placed on your muscles over time — adding weight, more reps, more sets, or less rest. Without it the body adapts to the current workload and stops growing stronger. It is the single most important principle in resistance training and must be applied consistently across weeks and months.
How do I build muscle faster?,To build muscle more effectively: train each muscle group at least twice per week, perform compound movements as the foundation of your programme, apply progressive overload consistently, eat enough protein (roughly 1.6 to 2.2 grams per kilogram of bodyweight daily), sleep 7 to 9 hours per night, and be patient — muscle growth takes months of consistent effort.
What is the best rep range for building muscle?,Research suggests 6 to 12 repetitions per set is the classic hypertrophy (muscle growth) range. However, recent evidence shows that a broader range of 5 to 30 reps can stimulate growth provided sets are taken close to muscular failure. For strength, 1 to 5 reps at high intensity is more effective. Most programmes combine both ranges.
How do I get stronger at the squat?,To increase squat strength: focus on progressive overload (add small weight increments each session), ensure full depth (thighs parallel or below), strengthen your posterior chain with Romanian deadlifts and hip thrusts, improve ankle mobility with daily stretching, and include pause squats to eliminate the elastic rebound at the bottom. Consistency over months is the real driver of progress.
What is the difference between a push pull legs programme?,Push Pull Legs (PPL) is a training split where you divide workouts into three categories: Push days train the chest, shoulders, and triceps. Pull days train the back, biceps, and rear deltoids. Legs days train the quads, hamstrings, glutes, and calves. Running PPL twice per week gives 6 training days. It is very popular for intermediate to advanced lifters because each muscle group is trained twice per week.
What is an upper lower training split?,An upper/lower training split divides your workouts into upper body sessions (chest, back, shoulders, arms) and lower body sessions (quads, hamstrings, glutes, calves). Training 4 days per week allows each muscle group to be trained twice. It is one of the most research-supported training structures for building muscle and strength, especially for beginner to intermediate lifters.
How do I avoid injury in the gym?,To reduce injury risk: always perform a thorough warm-up, learn proper technique before adding heavy load, progress weight gradually and avoid ego lifting, include adequate rest days for recovery, listen to your body and stop if something feels sharp or painful (not the same as normal muscle fatigue), incorporate mobility work, and consider working with a qualified personal trainer when learning new movements.
What does RPE mean in training?,RPE stands for Rate of Perceived Exertion. In resistance training it is rated on a scale of 1 to 10. RPE 10 means maximum effort — you could not complete another rep. RPE 8 means you could do 2 more reps. RPE 7 means 3 reps left in the tank. Most hypertrophy training is prescribed at RPE 7 to 9. Using RPE helps you autoregulate your training based on daily readiness rather than fixed weights.
What is a superset?,A superset is when you perform two exercises back to back with no rest between them. Agonist supersets pair two exercises for the same muscle group (e.g. bench press followed by cable flyes). Antagonist supersets pair opposing muscle groups (e.g. bicep curls followed by tricep pushdowns) and are very time efficient. Supersets increase training density and can improve muscular endurance.
What is the mind muscle connection?,The mind-muscle connection refers to consciously focusing your attention on the muscle you are training during an exercise rather than simply moving the weight. Research shows that actively thinking about the target muscle increases its activation. This is particularly useful for isolation exercises like lateral raises, bicep curls, and cable flyes where technique is less demanding and focus can be directed inward.
How do I improve my grip strength for deadlifts?,To improve grip strength for deadlifts: perform dead hangs from a pull-up bar, use a double overhand grip as long as possible before switching to a mixed grip, add farmer carries to your programme, train forearms directly with wrist curls and reverse curls, use chalk instead of straps in training when possible (straps reduce grip demand). Avoid using straps every session or your grip will never develop.
What is the Romanian deadlift and how is it different from a conventional deadlift?,The Romanian deadlift (RDL) starts from a standing position with the bar already in hand. You hinge at the hips while keeping a slight bend in the knees, lowering the bar close to your legs until you feel a strong hamstring stretch, then drive your hips forward to return to standing. Unlike the conventional deadlift it does not start from the floor. The RDL emphasises the hamstrings and glutes far more than the lower back making it an excellent posterior chain accessory exercise.
How do I train my back effectively?,Effective back training requires a variety of movement patterns: vertical pulling (pull-ups and lat pulldowns) for lats and back width, horizontal pulling (barbell rows, dumbbell rows, cable rows) for mid-back thickness and rhomboids, and spinal extension work (hyperextensions, good mornings) for the erector spinae. Train back with both heavy compound movements and lighter isolation work. Pull-up strength is an excellent measure of relative back development.
What causes lower back pain when deadlifting?,Lower back pain during deadlifting is most commonly caused by lumbar flexion under load — allowing the lower back to round when the weight gets heavy. Other causes include bar drifting away from the body, pulling with the back rather than driving through the legs, inadequate warm-up, and training through fatigue with poor form. Address this by reducing the weight, filming yourself from the side, and working on hip hinge technique with lighter loads.
What is AMRAP in gym training?,AMRAP stands for As Many Reps As Possible. An AMRAP set means you perform as many repetitions as you can with good form until you reach failure or near-failure. It is used in testing protocols to measure strength (e.g. a 1RM estimate from an AMRAP at a submaximal weight) and in circuit training to measure work capacity. In programmes it can also stand for As Many Rounds As Possible within a time frame.
What are the best exercises for building big shoulders?,The best exercises for shoulder development are: overhead press (barbell or dumbbell) for overall size and strength, lateral raises for medial deltoid width, rear deltoid flyes or face pulls for posterior deltoid and rotator cuff health, and Arnold press for all three heads of the deltoid. The overhead press should be the cornerstone — you cannot build truly strong shoulders without pressing overhead. Lateral raises add the width that makes shoulders look broad.
How do I increase my bench press?,To improve your bench press: use progressive overload and add small increments weekly (1.25kg plates each side), pause at the chest to eliminate bounce, strengthen the triceps with close-grip bench press and dips, strengthen the upper back and lats (a strong base improves pressing power), practise proper leg drive and arch, and use board presses or pin presses to address sticking points. The bench press responds well to high frequency — many powerlifters bench 3 to 4 times per week.
What is a good beginner programme for the gym?,The most recommended beginner gym programmes are StrongLifts 5x5 (3 days per week, squats every session, progressive overload each session) and Starting Strength (similar structure, excellent for learning the main barbell lifts). Both use full-body sessions three times per week and focus entirely on compound barbell movements. They are backed by strong evidence for rapid beginner strength gains. Stick to a programme for at least 12 weeks before changing.
How do I get bigger arms?,To build bigger arms: prioritise compound pulling movements (pull-ups, barbell rows) as they heavily involve the biceps. Add direct bicep work with barbell curls, incline dumbbell curls, and hammer curls. For triceps (which make up two thirds of upper arm size) prioritise overhead tricep extensions, skull crushers, and close-grip bench press. Train biceps and triceps 2 times per week, 3 to 4 sets per exercise, 8 to 15 reps, taken close to failure.
What is the overhead press?,The overhead press (also called the military press) is a compound movement where you press a barbell or dumbbells from shoulder height directly overhead until arms are fully extended. It primarily works the anterior and lateral deltoids, upper trapezius, and triceps. The core and glutes must be braced tightly to stabilise the spine. The overhead press is considered the fourth major compound lift alongside the squat, deadlift, and bench press.
What muscles do rows train?,Barbell rows and dumbbell rows primarily train the latissimus dorsi, rhomboids, middle and lower trapezius, and rear deltoids — collectively the mid and upper back. Biceps are heavily involved as secondary movers. Rows are essential for back thickness and are the horizontal pulling counterpart to the bench press. Most training programmes pair a horizontal push (bench press) with a horizontal pull (row) to maintain shoulder balance and posture.
What is a training plateau?,A training plateau is when progress stalls despite consistent training — you are no longer gaining strength or muscle. Plateaus occur because the body adapts to a repeated stimulus. Solutions include: change the rep range, change the exercises, increase training volume, improve sleep and nutrition, take a planned deload week to allow full recovery, or switch training programmes. Plateaus are normal and overcoming them requires purposeful changes to your training stimulus.
How important is sleep for gym progress?,Sleep is critical for gym progress. During deep sleep (particularly slow-wave sleep) the body releases growth hormone which is the primary driver of muscle protein synthesis and tissue repair. Consistently sleeping less than 6 hours significantly impairs strength, reaction time, and hormonal output including testosterone. Aim for 7 to 9 hours per night. Poor sleep is one of the most common hidden reasons gym progress stalls.
What is a deload week?,A deload week is a planned reduction in training volume and/or intensity (typically to 50 to 60 percent of normal) after a block of hard training. It allows accumulated fatigue to dissipate and the body to fully recover and adapt. A deload typically lasts one week. After a deload, most lifters return to training feeling stronger than before — this is called supercompensation. Experienced lifters typically deload every 4 to 8 weeks.
What is the best way to train for fat loss?,For fat loss the most important factor is a calorie deficit — consuming fewer calories than you burn. Training-wise, resistance training is essential because it preserves muscle mass during a cut (preventing you from becoming skinny-fat). Cardio increases calorie expenditure. HIIT (High Intensity Interval Training) is time-efficient. A combination of resistance training 3 to 4 days per week with 2 to 3 cardio sessions and a moderate calorie deficit of 300 to 500 calories per day is a sustainable approach.
